Product Line Desc,Product Sku
Artanis WL,910-006160
Artanis WL,910-006169
Bazooka 2,910-006628
Bazooka 2,910-006636
Bazooka 2,910-006795
Hyjal Hero,910-005469
Karax- Rainbow,910-005790
Karax- Rainbow,910-005791
Karax- Rainbow,910-005792
Karax- Rainbow,910-005851
Recoil,910-005280
Recoil,910-005289
Recoil,910-006012
Recoil,910-006020
Recoil,910-006376
Stalker,910-005565
WCB-Barcelona,920-008219
WCB-Pattaya,920-004536
WCB-Rangoon Nara,920-008671
WCB-Samui,920-009437
WCB-Samui,920-009443
WCB-Samui,920-011311
